{"cameraMode":{"drawMode":0,"name":"Shaded","section":"Shading Mode"},"sceneLighting":true,"audioPlay":false,"sceneViewState":{"showFog":true,"showMaterialUpdate":false,"showSkybox":true,"showFlares":true,"showImageEffects":true,"showParticleSystems":true},"in2DMode":false,"pivot":{"x":1.9771978855133057,"y":1.0086778402328492,"z":7.689348220825195},"rotation":{"x":-0.04215735197067261,"y":-0.028903406113386155,"z":0.0011945485603064299,"w":-0.9987261891365051},"size":12.75255298614502,"orthographic":false}